method,rmse_change_own_minus_yfinance,mae_change_own_minus_yfinance
GP,-0.047529015931782784,-0.036345479161097996
FFT,-0.05478728568751369,-0.0443722237721103
