{
  "success": true,
  "message": "CONVERGENCE: REL_REDUCTION_OF_F_<=_FACTR*EPSMCH",
  "contracts": 899,
  "valid_model_ivs": 899,
  "evaluations": 492,
  "fitted_parameters": {
    "v0": 0.021829300825648913,
    "kappa": 2.3550045638746653,
    "theta": 0.0101229951136501,
    "sigma_v": 0.9993863554271026,
    "rho": -0.9495768662885722
  },
  "total_calibration_error": 5.738206319286743,
  "rmse": 0.07989290885075385,
  "mae": 0.04525350942625031,
  "wall_clock_seconds": 3.4745114580146037,
  "bounds": {
    "v0": [
      0.0100207958590628,
      0.2498920421524241
    ],
    "kappa": [
      0.1001058627817415,
      4.998386022881946
    ],
    "theta": [
      0.0101229951136501,
      0.2499243545643585
    ],
    "sigma_v": [
      0.0501999396475361,
      0.9993863554271026
    ],
    "rho": [
      -0.9495768662885722,
      -0.0005757410491344
    ]
  },
  "market_data": "data/spy_options_clean_with_iv.csv",
  "risk_free_rate": 0.0367,
  "option_type": "all",
  "fft_settings": {
    "alpha": 1.5,
    "n_fft": 2048,
    "eta": 0.25
  }
}
