method,wall_clock_seconds,speedup_vs_gp
GP emulator,3.883935375022702,1.0
FFT pricer,3.4958787910290994,0.9000867556939373
