method,total_calibration_error,rmse,mae,contracts,success
GP emulator,9.43898888129084,0.102466733424124,0.0548042793656604,899,True
FFT pricer,5.738206319286743,0.0798929088507538,0.0452535094262503,899,True
