method,wall_clock_seconds,speedup_vs_gp
GP emulator,12.27043670899002,1.0
FFT pricer,3.4745114580146037,0.2831611898107081
